{
    "VXl0-9DVH-br9w_1251270016934871111": {
        "type": "واحد للكل",
        "token": "MTI3MjYwMDgyOTY2MDIzMzc1OQ.GbXDJx.xk6Zq7XZ-6Vy9n-wvovpz55xyDf3Qyz4uuP-T4",
        "prefix": "!",
        "userid": "1186735909375332376",
        "guildid": "1251270016934871111",
        "serverid": "عام",
        "price": 200
    },
    "m6IZ-bJ5Z-1XkA_1251270016934871111": {
        "type": "اشتراك بوت ميكر التيميت لمدة شهر",
        "token": "MTI3MjYwMDgyOTY2MDIzMzc1OQ.GbXDJx.xk6Zq7XZ-6Vy9n-wvovpz55xyDf3Qyz4uuP-T4",
        "prefix": "!",
        "userid": "1186735909375332376",
        "guildid": "1251270016934871111",
        "serverid": "1251270016934871111",
        "price": 500
    }
}